100gms Almond, High Quality, packet,4,15,Almond
200gms Almond, High Quality, packet,4,15,Almond
500gms Almond, High Quality, packet,4,15,Almond
500gms Arhar Dal, Pahaad Arahar, packet,8,16,Arhar Dal
1kgs Arhar Dal, Pahaad Arahar, packet,8,16,Arhar Dal
2kgs Arhar Dal, Pahaad Arahar, packet,8,16,Arhar Dal
500gms Fortune Arhar Dal, Good Quality, packet,8,12,Fortune
1kgs Fortune Arhar Dal, Good Quality, packet,8,12,Fortune
2kgs Fortune Arhar Dal, Good Quality, packet,8,12,Fortune
500gms Fortune Chana Dal, Rich in flavour and delicious in taste, packet,8,12,Fortune
1kgs Fortune Chana Dal, Rich in flavour and delicious in taste, packet,8,12,Fortune
2kgs Fortune Chana Dal, Rich in flavour and delicious in taste, packet,8,12,Fortune
500gms Fortune Traditional Basmati Rice, Good Taste, packet,9,12,Fortune
1kgs Fortune Traditional Basmati Rice, Good Taste, packet,9,12,Fortune
2kgs Fortune Traditional Basmati Rice, Good Taste, packet,9,12,Fortune
500gms Fortune Biryani Special Basmati Rice, Good Taste, packet,9,12,Fortune
1kgs Fortune Biryani Special Basmati Rice, Good Taste, packet,9,12,Fortune
2kgs Fortune Biryani Special Basmati Rice, Good Taste, packet,9,12,Fortune
500gms Fortune Everyday Basmati Rice, Good Taste, packet,9,12,Fortune
1kgs Fortune Everyday Basmati Rice, Good Taste, packet,9,12,Fortune
2kgs Fortune Everyday Basmati Rice, Good Taste, packet,9,12,Fortune
500gms India Gate Basmati, Good Taste, packet,9,14,IndiaGate
1kgs India Gate Basmati, Good Taste, packet,9,14,IndiaGate
2kgs India Gate Basmati, Good Taste, packet,9,14,IndiaGate
500gms Kohinoor Basmati, Good Taste, packet,9,15,Kohinoor
1kgs Kohinoor Basmati, Good Taste, packet,9,15,Kohinoor
2kgs Kohinoor Basmati, Good Taste, packet,9,15,Kohinoor
500gms Kohinoor Black Dal, Punjabi black dal, packet,8,20,Kohinoor
1kgs Kohinoor Black Dal, Punjabi black dal, packet,8,20,Kohinoor
2kgs Kohinoor Black Dal, Punjabi black dal, packet,8,20,Kohinoor
500gms India Gate Brown Rice, Good for Health, packet,9,14,IndiaGate
1kgs India Gate Brown Rice, Good for Health, packet,9,14,IndiaGate
2kgs India Gate Brown Rice, Good for Health, packet,9,14,IndiaGate
500gms Brown Sugar, Good for Health, packet,12,14,Brown Sugar
1kgs Brown Sugar, Good for Health, packet,12,14,Brown Sugar
2kgs Brown Sugar, Good for Health, packet,12,14,Brown Sugar
100gms Kohinoor Cashew, High Quality, packet,4,15,Cashew
200gms Kohinoor Cashew, High Quality, packet,4,15,Cashew
500gms kohinoor Cashew, High Quality, packet,4,15,Cashew
50gms MDH Garam Masala, Will make delicious Food, packet,5,17,MDH
100gms MDH Garam Masala, Will make delicious Food, packet,5,17,MDH
200gms MDH Garam Masala, Will make delicious Food, packet,5,17,MDH
50gms Catch Garam Masala, Will make delicious Food, packet,5,36,Catch
100gms Catch Garam Masala, Will make delicious Food, packet,5,36,Catch
200gms Catch Garam Masala, Will make delicious Food, packet,5,36,Catch
50gms Everest Garam Masala, Will make delicious Food, packet,5,11,Everest
100gms Everest Garam Masala, Will make delicious Food, packet,5,11,Everest
200gms Everest Garam Masala, Will make delicious Food, packet,5,11,Everest
50gms MDH Kashmiri Mirch Powder, Rich Color, packet,5,17,MDH
100gms MDH Kashmiri Mirch Powder, Rich Color, packet,5,17,MDH
200gms MDH Kashmiri Mirch Powder, Rich Color, packet,5,17,MDH
50gms Everest Mirch Powder, Rich Color, packet,5,11,Everest
100gms Everest Mirch Powder, Rich Color, packet,5,11,Everest
200gms Everest Mirch Powder, Rich Color, packet,5,11,Everest
50gms Aashirvaad Chilli Powder, Rich Color, packet,5,1,Aashirvaad
100gms Aashirvaad Chilli Powder, Rich Color, packet,5,1,Aashirvaad
200gms Aashirvaad Chilli Powder, Rich Color, packet,5,1,Aashirvaad
50gms Catch Mirch Powder, Rich Color, packet,5,36,Catch
100gms Catch Mirch Powder, Rich Color, packet,5,36,Catch
200gms Catch Mirch Powder, Rich Color, packet,5,36,Catch
50gms MDH Sambar Powder, Rich Color, packet,5,17,MDH
100gms MDH Sambar Powder, Rich Color, packet,5,17,MDH
200gms MDH Sambar Powder, Rich Color, packet,5,17,MDH
50gms Aashirvaad Sambar Powder, Rich Color, packet,5,1,Aashirvaad
100gms Aashirvaad Sambar Powder, Rich Color, packet,5,1,Aashirvaad
200gms Aashirvaad Sambar Powder, Rich Color, packet,5,1,Aashirvaad
50gms Everest Sambar Powder, Rich Color, packet,5,11,Everest
100gms Everest Sambar Powder, Rich Color, packet,5,11,Everest
200gms Everest Sambar Powder, Rich Color, packet,5,11,Everest
50gms Catch Sambar Powder, Rich Color, packet,5,36,Catch
100gms Catch Sambar Powder, Rich Color, packet,5,36,Catch
200gms Catch Sambar Powder, Rich Color, packet,5,36,Catch
50gms MDH Rasam Powder, Rich Color, packet,5,17,MDH
100gms MDH Rasam Powder, Rich Color, packet,5,17,MDH
200gms MDH Rasam Powder, Rich Color, packet,5,17,MDH
50gms Catch Rasam Powder, Rich Color, packet,5,36,Catch
100gms Catch Rasam Powder, Rich Color, packet,5,36,Catch
200gms Catch Rasam Powder, Rich Color, packet,5,36,Catch
50gms Aashirvaad Rasam Powder, Rich Color, packet,5,1,Aashirvaad
100gms Aashirvaad Rasam Powder, Rich Color, packet,5,1,Aashirvaad
200gms Aashirvaad Rasam Powder, Rich Color, packet,5,1,Aashirvaad
50gms MDH Chola Masala, Rich Color, packet,5,17,MDH
100gms MDH Chola Masala, Rich Color, packet,5,17,MDH
200gms MDH Chola Masala, Rich Color, packet,5,17,MDH
50gms Catch Chola Masala, Rich Color, packet,5,36,Catch
100gms Catch Chola Masala, Rich Color, packet,5,36,Catch
200gms Catch Chola Masala, Rich Color, packet,5,36,Catch
50gms Everest Chola Masala, Rich Color, packet,5,11,Everest
100gms Everest Chola Masala, Rich Color, packet,5,11,Everest
200gms Everest Chola Masala, Rich Color, packet,5,11,Everest
50gms MDH Turmeric Powder, Rich Color, packet,5,17,MDH
100gms MDH Turmeric Powder, Rich Color, packet,5,17,MDH
200gms MDH Turmeric Powder, Rich Color, packet,5,17,MDH
500gms MDH Turmeric Powder, Rich Color, packet,5,17,MDH
50gms Catch Turmeric Powder, Rich Color, packet,5,36,Catch
100gms Catch Turmeric Powder, Rich Color, packet,5,36,Catch
200gms Catch Turmeric Powder, Rich Color, packet,5,36,Catch
500gms Catch Turmeric Powder, Rich Color, packet,5,36,Catch
50gms Everest Turmeric Powder, Rich Color, packet,5,11,Everest
100gms Everest Turmeric Powder, Rich Color, packet,5,11,Everest
200gms Everest Turmeric Powder, Rich Color, packet,5,11,Everest
500gms Everest Turmeric Powder, Rich Color, packet,5,11,Everest
50gms Aashirvaad Turmeric Powder, Rich Color, packet,5,1,Aashirvaad
100gms Aashirvaad Turmeric Powder, Rich Color, packet,5,1,Aashirvaad
200gms Aashirvaad Turmeric Powder, Rich Color, packet,5,1,Aashirvaad
500gms Aashirvaad Turmeric Powder, Rich Color, packet,5,1,Aashirvaad
50gms MDH Curry Powder, Will make delicious Food, packet,5,17,MDH
100gms MDH Curry Powder, Will make delicious Food, packet,5,17,MDH
200gms MDH Curry Powder, Will make delicious Food, packet,5,17,MDH
50gms Catch Curry Powder, Will make delicious Food, packet,5,36,Catch
100gms Catch Curry Powder, Will make delicious Food, packet,5,36,Catch
200gms Catch Curry Powder, Will make delicious Food, packet,5,36,Catch
50gms Everest Curry Powder, Will make delicious Food, packet,5,11,Everest
100gms Everest Curry Powder, Will make delicious Food, packet,5,11,Everest
200gms Everest Curry Powder, Will make delicious Food, packet,5,11,Everest
50gms Catch Kitchen King, Will make delicious Food, packet,5,36,Catch
100gms Catch Kitchen King, Will make delicious Food, packet,5,36,Catch
200gms Catch Kitchen King, Will make delicious Food, packet,5,36,Catch
50gms Everest Kitchen King, Will make delicious Food, packet,5,11,Everest
100gms Everest Kitchen King, Will make delicious Food, packet,5,11,Everest
200gms Everest Kitchen King, Will make delicious Food, packet,5,11,Everest
50gms MDH Kitchen King, Will make delicious Food, packet,5,17,MDH
100gms MDH Kitchen King, Will make delicious Food, packet,5,17,MDH
200gms MDH Kitchen King, Will make delicious Food, packet,5,17,MDH
50gms Catch Meat Masala, Will make delicious Food, packet,5,36,Catch
100gms Catch Meat Masala, Will make delicious Food, packet,5,36,Catch
200gms Catch Meat Masala, Will make delicious Food, packet,5,36,Catch
50gms MDH Meat ka Masala, Will make delicious Food, packet,5,17,MDH
100gms MDH Meat ka Masala, Will make delicious Food, packet,5,17,MDH
200gms MDH Meat ka Masala, Will make delicious Food, packet,5,17,MDH
50gms MDH Jeera Powder, Will make delicious Food, packet,5,17,MDH
100gms MDH Jeera Powder, Will make delicious Food, packet,5,17,MDH
200gms MDH Jeera Powder, Will make delicious Food, packet,5,17,MDH
50gms Everest Meat Masala, Will make delicious Food, packet,5,11,Everest
100gms Everest Meat Masala, Will make delicious Food, packet,5,11,Everest
200gms Everest Meat Masala, Will make delicious Food, packet,5,11,Everest
50gms Catch Chicken Masala, Will make delicious Food, packet,5,36,Catch
100gms Catch Chicken Masala, Will make delicious Food, packet,5,36,Catch
200gms Catch Chicken Masala, Will make delicious Food, packet,5,36,Catch
50gms MDH Chicken Masala, Will make delicious Food, packet,5,17,MDH
100gms MDH Chicken Masala, Will make delicious Food, packet,5,17,MDH
200gms MDH Chicken Masala, Will make delicious Food, packet,5,17,MDH
50gms Everest Chicken Masala, Will make delicious Food, packet,5,11,Everest
100gms Everest Chicken Masala, Will make delicious Food, packet,5,11,Everest
200gms Everest Chicken Masala, Will make delicious Food, packet,5,11,Everest
50gms Everest Fish Curry Masala, Will make delicious Food, packet,5,11,Everest
100gms Everest Fish Curry Masala, Will make delicious Food, packet,5,11,Everest
200gms Everest Fish Curry Masala, Will make delicious Food, packet,5,11,Everest
50gms Catch Shahi Paneer Masala, Will make delicious Food, packet,5,36,Catch
100gms Catch Shahi Paneer Masala, Will make delicious Food, packet,5,36,Catch
200gms Catch Shahi Paneer Masala, Will make delicious Food, packet,5,36,Catch
50gms MDH Shahi Paneer Masala, Will make delicious Food, packet,5,17,MDH
100gms MDH Shahi Paneer Masala, Will make delicious Food, packet,5,17,MDH
200gms MDH Shahi Paneer Masala, Will make delicious Food, packet,5,17,MDH
50gms Everest Paneer Masala, Will make delicious Food, packet,5,11,Everest
100gms Everest Paneer Masala, Will make delicious Food, packet,5,11,Everest
200gms Everest Paneer Masala, Will make delicious Food, packet,5,11,Everest
500gms Tata Salt, Desh ka Namak, packet,5,24,Tata
1kgs Tata Salt, Desh ka Namak, packet,5,24,Tata
500gms Tata Salt Lite, Keeps you Healthy, packet,5,24,Tata
1kgs Tata Salt Lite, Keeps you Healthy, packet,5,24,Tata
500gms Catch Salt, High Quality, packet,5,36,Catch
1kgs Catch Salt, High Quality, packet,5,36,Catch
500gms Aashirvaad Salt, Keeps you Healthy, packet,5,1,Aashirvaad
1kgs Aashirvaad Salt, Keeps you Healthy, packet,5,1,Aashirvaad
500gms Kohinoor Moong Dal, Banaras Moong dal, packet,8,20,Kohinoor
1kgs Kohinoor Moong Dal, Banaras Moong dal, packet,8,20,Kohinoor
2kgs Kohinoor Moong Dal, Banaras Moong dal, packet,8,20,Kohinoor
1ltr Panchi Mustard Oil, Healthy and Pure, packet,7,22,
5ltr Panchi Mustard Oil, Healthy and Pure, packet,7,22,
1ltr Tata Olive Oil, High Quality, packet,7,24,Tata
5ltr Tata Olive Oil, High Quality, packet,7,24,Tata
1ltr Saffola Refined Oil, High Quality, packet,7,23,Saffola
1ltr Fortune Rice Bran Health Oil, Physically Refined Rice Bran Oil, packet,7,12,Fortune
5ltr Fortune Rice Bran Health Oil, Physically Refined Rice Bran Oil, packet,7,12,Fortune
1ltr Fortune Soya Health Oil, Refined Soyabean Oil, packet,7,12,Fortune
5ltr Fortune Soya Health Oil, Refined Soyabean Oil, packet,7,12,Fortune
1ltr Fortune Sunlite Oil, Refined Sunflower Oil, packet,7,12,Fortune
5ltr Fortune Sunlite Oil, Refined Sunflower Oil, packet,7,12,Fortune
1ltr Fortune Mustard Oil, Pure Mustard Oil, packet,7,12,Fortune
5ltr Fortune Mustard Oil, Pure Mustard Oil, packet,7,12,Fortune
1ltr Fortune Kachi Ghani, Pure Mustard Oil, packet,7,12,Fortune
5ltr Fortune Kachi Ghani, Pure Mustard Oil, packet,7,12,Fortune
100gms Raisin, High Quality, packet,4,20,Raisin
200gms Raisin, High Quality, packet,4,20,Raisin
100gms Walnut, High Quality, packet,4,15,Walnut
200gms Walnut, High Quality, packet,4,15,Walnut
500gms White Sugar, Clean No dirt, packet,12,20,White Sugar
1kgs White Sugar, Clean No dirt, packet,12,20,White Sugar
Lifebuoy, Germ Check Soap, pcs,3,26,Lifebuoy
Lux Soap, Rich Smell, pcs,3,27,Lux
Vivel Soap, Rich Smell, pcs,3,28,Vivel
Dove Soap, Soft Skin, pcs,3,29,Dove
Dettol, Germ Check, pcs,3,30,Dettol
Rin, Clothes Wahing Soap, pcs,10,37,Rin
Surf Excel, Clothes Wahing Soap, pcs,10,38,SurfExcel
Lux, Rich Smell, pcs,3,27,Lux
Vivel Shampoo, Rich Smell, pcs,3,28,Vivel
Dove Shampoo, Rich Smell, pcs,3,29,Dove
Vatika Shampoo, Rich Smell, pcs,3,10,Dabur
Garnier Shampoo, Rich Smell, pcs,3,2,Garnier
Sunsilk Shampoo, Rich Smell, pcs,3,39,Sunsilk
Pantene Shampoo, Rich Smell, pcs,3,40,Pantene
Himalaya Shampoo, Rich Smell, pcs,3,42,Himalaya
Rin, Clothes Wahing Detergent, pcs,10,37,Rin
Surf Excel, Clothes Wahing Detergent, pcs,10,38,SurfExcel
Garnier Hair Conditioner, High Quality, pcs,3,2,Garnier
Dove Hair Conditioner, High Quality, pcs,3,29,Dove
Vivel Hair Conditioner, High Quality, pcs,3,28,Vivel
Vatika Hair Conditioner, High Quality, pcs,3,10,Dabur
Sunsilk Hair Conditioner, High Quality, pcs,3,39,Sunsilk
Pantene Hair Conditioner, High Quality, pcs,3,40,Pantene
Himalaya Hair Conditioner, High Quality, pcs,3,42,Himalaya
Kissan Tomato Sauce, Tastes Yummy, pcs,16,33,Kissan
Kissan Chilli Sauce, High Quality, pcs,16,33,Kissan
Kissan Soya Sauce, High Quality, pcs,16,33,Kissan
Kissan Mixed Fruit Jam, Tastes Yummy, pcs,16,33,Kissan
Kissan Pineapple Jam, Tastes Yummy, pcs,16,33,Kissan
Kissan Strawberry Jam, Tastes Yummy, pcs,16,33,Kissan
Maggi Tomato Puree, High Quality, pcs,16,34,Maggi
Kissan Mango Squash, Tastes Yummy, pcs,16,33,Kissan
Kissan Orange Squash, Tastes Yummy, pcs,16,33,Kissan
Kissan Pineapple Squash, Tastes Yummy, pcs,16,33,Kissan
Kissan Lemon Squash, Tastes Yummy, pcs,16,33,Kissan
Dabur Glucose-D, Gives Instant Energy, pcs,16,10,Dabur
Prime Vinegar, High Quality, pcs,16,35,
Dabur Honey, High Quality, pcs,16,10,Dabur
Dabur Amla Hair Oil, Keeps Hair Healthy, pcs,3,10,Dabur
Dabur Almond Hair Oil, Keeps Hair Healthy, pcs,3,10,Dabur
Dabur Vatika, Keeps Hair Healthy, pcs,3,10,Dabur
Parachute, Coconut Oil, pcs,3,31,Parachute
Keo Karpin, Almond Oil, pcs,3,32,
Britannia Chocolate Cake, Yummy but with Eggs, pcs,17,3,Britannia
Britannia Mixed Fruit Cake, Yummy but with Eggs, pcs,17,3,Britannia
Britannia Pineapple Cake, Yummy but with Eggs, pcs,17,3,Britannia
Britannia Milk Cake, Yummy but with Eggs, pcs,17,3,Britannia
Chane Ki Dal, High Quality, packet,8,20,
Kale Chane, High Quality, packet,8,20,
Rajma, High Quality, packet,8,20,
Lobiya, High Quality, packet,8,20,
Urad Dal, High Quality, packet,8,20,
Masoor Dal, High Quality, packet,8,20,
Oat Meal, Good for Health, packet,2,25,Kelloggs
Corn Flakes, Good for Health, packet,2,25,Kelloggs
Brooke Bond Red Label, Tastes Nice, packet,13,4,BrookeBond
Brooke Bond Red Label Natural Care, Tastes Nice, packet,13,4,BrookeBond
Brooke Bond Taj Mahal, Tastes Nice, packet,13,4,BrookeBond
Brooke Bond Taaza, Tastes Nice, packet,13,4,BrookeBond
Bru Instant, Rich Taste Coffee, packet,13,5,Bru
Bru Gold, Rich Taste Coffee, packet,13,5,Bru
Nescafe, Rich Taste Coffee, packet,13,19,Nestle
Tata Tea, Tastes Nice, packet,13,24,Tata
Aashirvaad Whole Wheat Atta, Good for Health, packet,14,1,Aashirvaad
Aashirvaad Select Atta, Good for Health, packet,14,1,Aashirvaad
Aashirvaad Atta with Multigrains, Good for Health, packet,14,1,Aashirvaad
Besan, Good for Health, packet,14,20,
Fortune Besan, Made from 100% Chana Dal, packet,14,12,Fortune
Fortune Matar Besan, High Quality, packet,14,12,Fortune
Poha, High Quality, packet,2,20,
Sooji, High Quality, packet,2,20,
Aluminium Foil, High Quality, pcs,10,20,
Tissue Paper, High Quality, pcs,10,20,
Room Freshner, High Quality, pcs,10,20,
Colgate Toothbrush, Zigzag, pcs,3,7,Colgate
Pepsodent Toothbrush, Zigzag, pcs,3,41,Pepsodent
Colgate Strong Teeth, Strong Teeth and Gums, pcs,3,9,Colgate
Colgate Maxfresh, Strong Teeth and Gums, pcs,3,9,Colgate
Colgate Active Salt, Strong Teeth and Gums, pcs,3,9,Colgate
Colgate Visible White, White Teeth, pcs,3,9,Colgate
Colgate Sensitive Pro Relief, Strong Teeth and Gums, pcs,3,9,Colgate
Colgate Plax, Avoids Mouth Odour, pcs,3,9,Colgate
Pepsodent Expert Protection, Strong Teeth and Gums, pcs,3,41,Pepsodent
Close Up Deep Action - Red Hot, Avoids Mouth Odour, pcs,3,8,CloseUp
Dabur Meshwak, Strong Teeth and Gums, pcs,3,10,Dabur
Dabur Red, Strong Teeth and Gums, pcs,3,10,Dabur
Dabur Babool, Strong Teeth and Gums, pcs,3,10,Dabur
Himalaya, Strong Teeth and Gums, pcs,3,42,Himalaya
Britannia Good Day, Tastes Good, pcs,17,3,Britannia
Britannia Crackers, Tastes Good, pcs,17,3,Britannia
Britannia NutriChoice, Good for Health, pcs,17,3,Britannia
Britannia Marie Gold, Tastes Good, pcs,17,3,Britannia
Britannia Tiger, Tastes Good, pcs,17,3,Britannia
Britannia Milk Bikis, Tastes Good, pcs,17,3,Britannia
Britannia Jim Jam + Treat, Tastes Good, pcs,17,3,Britannia
Britannia Bourbon, Tastes Good, pcs,17,3,Britannia
Britannia Little Hearts, Tastes Good, pcs,17,3,Britannia
Britannia Pure Magic, Chocolaty, pcs,17,3,Britannia
Britannia Nice Time, Salty, pcs,17,3,Britannia
Britannia Whole Wheat Bread, Yummy, pcs,17,3,Britannia
Britannia Premium Bake, Tastes Good, pcs,17,3,Britannia
Britannia Maska Rusk, Tastes Good, pcs,17,3,Britannia
MTR Palak Paneer, Tasty, pcs,11,18,MTR
MTR Poha, Tasty, pcs,11,18,MTR
MTR Oats Upma, Tasty, pcs,11,18,MTR
MTR Rava Idli, Tasty, pcs,11,18,MTR
MTR Uttapam, Tasty, pcs,11,18,MTR
MTR Masala Upma, Tasty, pcs,11,18,MTR
MTR Vada, Tasty, pcs,11,18,MTR
MTR Dosa, Tasty, pcs,11,18,MTR
MTR Upma, Tasty, pcs,11,18,MTR
Fogg, Smells Nice, pcs,15,7,Fogg
Axe Chocolate, Smells Nice, pcs,15,13,Axe
Axe Signature, Smells Nice, pcs,15,13,Axe
Axe Deodrant, Smells Nice, pcs,15,13,Axe
Garnier Men Face Wash, Clears Dirt, pcs,15,13,Garnier